mode,terminal_wealth,sharpe,maxdd
base_standard,28.609161161357655,1.0927901382266498,-0.2772684189408505
with_overrides_auto,32.948060018752976,1.1017030492398128,-0.2673549304635502
