mode,terminal_wealth,sharpe,maxdd
base_standard,22.715028033320767,0.9850086629469212,-0.2762244314618424
with_overrides_auto,36.842199658447555,1.0689172812114953,-0.2683321366850343
