{
  "generated_at": "2026-02-19",
  "source": "reports/regime_optimizer_v2_safe_leaderboard.csv",
  "winner": {
    "label": "run1_tight_weak_v224_pr106_ph000_pc021_dd072_cr033_cd062_de05_rvx080_rvv077_hvx058_cvx038_hvv070_cvv043_pcv020_rvto105_nhvto001_cvto015_dvto000_ndvx007_dvv000_ndvol120_vf000",
    "rerisk": 0.2,
    "hold": 0.05,
    "cap": 0.05,
    "derisk": 0.0,
    "folds": 3,
    "pass_rate": 1.0,
    "median_val_score": 0.057460643227015835,
    "median_val_terminal_wealth": 1.1311565344564354,
    "median_val_sharpe": 0.8437767364932637,
    "median_val_maxdd": -0.02165301493013183,
    "mean_overrides": 4.0,
    "overrides_file": "reports/regime_optimizer_v224_ndvol120_safe_overrides.csv"
  },
  "fallback": {
    "label": "run1_tight_weak_v232_pr106_ph000_pc021_dd072_cr033_cd062_de05_rvx080_rvv077_hvx058_cvx038_hvv070_cvv043_pcv020_rvto105_nhvto001_cvto015_dvto000_ndvx007_dvv000_ndvol11817_vf000_fineeqnr",
    "rerisk": 0.2,
    "hold": 0.05,
    "cap": 0.05,
    "derisk": 0.0,
    "folds": 3,
    "pass_rate": 1.0,
    "median_val_score": 0.04673871175829856,
    "median_val_terminal_wealth": 1.1128273058686207,
    "median_val_sharpe": 0.7564029093612474,
    "median_val_maxdd": -0.024971513239961274,
    "mean_overrides": 3.0,
    "overrides_file": "reports/regime_optimizer_v232_fineeqnr_safe_overrides.csv"
  }
}
